"position","url","title","description"
"1","https://www.bestbuy.com/site/computers-pcs/laptop-computers/abcat0502000.c?id=abcat0502000","Laptops & Notebook Computers","Shop Best Buy for laptops. Let us help you find the best laptop for you with our selection of laptop computers for work & play."
"2","https://timesofindia.indiatimes.com/most-searched-products/electronics/laptops/buy-laptops-under-30000-that-are-inexpensive-but-highly-rated-by-experts/articleshow/71184133.cms","Laptops under 30000: Best picks (May, 2023) - Times of India",
"3","https://www.livescience.com/technology/computing/save-dollar1200-on-this-incredible-razer-blade-laptop",,
"4",,,
"5","https://www.amazon.com/Notebooks-Laptop-Computers/b?ie=UTF8&node=565108","Amazon.com: Laptops - Computers & Tablets","Shop a wide selection of Laptops including 2 in 1 and traditional laptops at Amazon.com. Free shipping and free returns on eligible items."
"6","https://www.nytimes.com/wirecutter/reviews/best-laptops/","The 9 Best Laptops of 2023 | Reviews by Wirecutter","Feb 3, 2023 — From budget-friendly options to thin-and-light ultrabooks to powerful gaming laptops, we've spent hundreds of hours finding the best laptops ..."
"7","https://www.youtube.com/watch?v=MOvPw7cO6eg","RTX 4070 Laptop vs Desktop - 25 Games at 4K, 1440p & 1080p",
"8","https://zcom.tech/laptop-buying-guide.html/","Laptop buying Guide 2022 (What factors to consider when Buying a new Laptop) - ZcomTech",
"9","https://www.bythebarricade.com/best-laptop-for-music-production-under-300/",,
"10","https://www.walmart.com/cp/computers-laptops-tablets/1089430","Laptops","Shop Laptops at Walmart.com and find popular brands including Dell, HP, Samsung, Apple and Acer. Save money. Live better."
"11","https://www.youtube.com/watch?v=vyEiIoFF378","They Quoted $900 to Fix This Laptop - But Were They Right?",
"12","https://www.youtube.com/watch?v=9pmmPhC39Lk","The Laptop with World Famous Build Quality - YouTube",
"13","https://www.cnet.com/tech/computing/best-laptop/","Best Laptop 2023: The 12 Laptops We Recommend","6 days ago — From Mac to HP, we've reviewed the best laptops on the market. ... Lenovo Yoga 7i 2022 14-inch two-in-one laptop in stand mode."
"14","https://www.dealnews.com/c49/Computers/Laptops/","Best Laptop Deals and Sales for May 2023","May 1, 2023 — We have deals for cheap gaming laptops and high-end workstations with Windows 11. The top brands, including Apple, Acer, Dell, MSI, and more, ..."
"15",,,
